<?xml version="1.0" encoding="UTF-8"?>
<configuration>
    <!-- 引入 Spring Boot 默认的 logback XML 配置文件  -->
    <include resource="org/springframework/boot/logging/logback/defaults.xml"/>


    <appender name="console" class="ch.qos.logback.core.ConsoleAppender">
        <!-- 日志的格式化 -->
        <encoder  class="ch.qos.logback.core.encoder.LayoutWrappingEncoder">
            <layout class="org.apache.skywalking.apm.toolkit.log.logback.v1.x.TraceIdPatternLogbackLayout">
                <Pattern>-%clr(%d{${LOG_DATEFORMAT_PATTERN:-yyyy-MM-dd HH:mm:ss.SSS}}){faint} %clr(${LOG_LEVEL_PATTERN:-%5p}) %clr(${PID:- }){magenta} [%tid] %clr(---){faint} %clr([%15.15t]){faint} %clr(%-40.40logger{39}){cyan} %clr(:){faint} %m%n${LOG_EXCEPTION_CONVERSION_WORD:-%wEx}}</Pattern>
            </layout>
        </encoder>

    </appender>

    <appender name="grpc-log" class="org.apache.skywalking.apm.toolkit.log.logback.v1.x.log.GRPCLogClientAppender">
        <encoder class="ch.qos.logback.core.encoder.LayoutWrappingEncoder">
            <layout class="org.apache.skywalking.apm.toolkit.log.logback.v1.x.mdc.TraceIdMDCPatternLogbackLayout">
                <Pattern>%d{yyyy-MM-dd HH:mm:ss.SSS} [%X{tid}] [%thread] %-5level %logger{36} -%msg%n</Pattern>
            </layout>
        </encoder>
    </appender>

    <!-- 设置 Appender -->
    <root level="INFO">
        <appender-ref ref="console"/>
        <appender-ref ref="grpc-log"/>
    </root>

</configuration>