<?xml version="1.0" encoding="UTF-8"?>
<!DOCTYPE mapper PUBLIC "-//mybatis.org//DTD Mapper 3.0//EN" "http://mybatis.org/dtd/mybatis-3-mapper.dtd">
<mapper namespace="com.tulingxueyuan.order.mapper.OrderMapper">
  <resultMap id="BaseResultMap" type="com.tulingxueyuan.order.pojo.Order">
    <id column="id" jdbcType="INTEGER" property="id" />
    <result column="product_id" jdbcType="INTEGER" property="productId" />
    <result column="total_amount" jdbcType="INTEGER" property="totalAmount" />
    <result column="status" jdbcType="INTEGER" property="status" />
  </resultMap>
  <delete id="deleteByPrimaryKey" parameterType="java.lang.Integer">
    delete from order_tbl
    where id = #{id,jdbcType=INTEGER}
  </delete>
  <insert id="insert" parameterType="com.tulingxueyuan.order.pojo.Order">
    insert into order_tbl (id, product_id, total_amount, 
      status)
    values (#{id,jdbcType=INTEGER}, #{productId,jdbcType=INTEGER}, #{totalAmount,jdbcType=INTEGER}, 
      #{status,jdbcType=INTEGER})
  </insert>
  <update id="updateByPrimaryKey" parameterType="com.tulingxueyuan.order.pojo.Order">
    update order_tbl
    set product_id = #{productId,jdbcType=INTEGER},
      total_amount = #{totalAmount,jdbcType=INTEGER},
      status = #{status,jdbcType=INTEGER}
    where id = #{id,jdbcType=INTEGER}
  </update>
  <select id="selectByPrimaryKey" parameterType="java.lang.Integer" resultMap="BaseResultMap">
    select id, product_id, total_amount, status
    from order_tbl
    where id = #{id,jdbcType=INTEGER}
  </select>
  <select id="selectAll" resultMap="BaseResultMap">
    select id, product_id, total_amount, status
    from order_tbl
  </select>
</mapper>